{"cameraMode":{"drawMode":0,"name":"Shaded","section":"Shading Mode"},"sceneLighting":true,"audioPlay":false,"sceneViewState":{"m_AlwaysRefresh":false,"showFog":true,"showSkybox":true,"showFlares":true,"showImageEffects":true,"showParticleSystems":true,"showVisualEffectGraphs":true,"m_FxEnabled":true},"in2DMode":false,"pivot":{"x":-267.7804870605469,"y":114.06800842285156,"z":-204.59884643554688},"rotation":{"x":-0.13819482922554017,"y":-0.49580323696136477,"z":0.08026401698589325,"w":-0.8536127209663391},"size":7.360166549682617,"orthographic":true}