{"cameraMode":{"drawMode":0,"name":"Shaded","section":"Shading Mode"},"sceneLighting":true,"audioPlay":false,"sceneViewState":{"m_AlwaysRefresh":false,"showFog":true,"showSkybox":true,"showFlares":true,"showImageEffects":true,"showParticleSystems":true,"showVisualEffectGraphs":true,"m_FxEnabled":true},"in2DMode":false,"pivot":{"x":-123.82105255126953,"y":2.340635299682617,"z":-37.41108322143555},"rotation":{"x":-0.18934258818626405,"y":0.009127998724579811,"z":-0.0017608646303415299,"w":-0.9818729758262634},"size":24.366880416870118,"orthographic":true}