{"cameraMode":{"drawMode":0,"name":"Shaded","section":"Shading Mode"},"sceneLighting":false,"audioPlay":false,"sceneViewState":{"m_AlwaysRefresh":false,"showFog":true,"showSkybox":true,"showFlares":true,"showImageEffects":true,"showParticleSystems":true,"showVisualEffectGraphs":true,"m_FxEnabled":true},"in2DMode":false,"pivot":{"x":-123.94398498535156,"y":4.3679118156433109,"z":-13.681191444396973},"rotation":{"x":-0.048610005527734759,"y":0.18646588921546937,"z":-0.009237625636160374,"w":-0.9812161922454834},"size":3.7207889556884767,"orthographic":false}