{"cameraMode":{"drawMode":0,"name":"Shaded","section":"Shading Mode"},"sceneLighting":false,"audioPlay":false,"sceneViewState":{"m_AlwaysRefresh":false,"showFog":true,"showSkybox":true,"showFlares":true,"showImageEffects":true,"showParticleSystems":true,"showVisualEffectGraphs":true,"m_FxEnabled":true},"in2DMode":false,"pivot":{"x":-116.58390808105469,"y":19.31159019470215,"z":-77.27064514160156},"rotation":{"x":-0.02789345569908619,"y":0.008404025807976723,"z":-0.00023393021547235548,"w":-0.9995774626731873},"size":31.204402923583986,"orthographic":true}