{"cameraMode":{"drawMode":0,"name":"Shaded","section":"Shading Mode"},"sceneLighting":true,"audioPlay":false,"sceneViewState":{"m_AlwaysRefresh":false,"showFog":true,"showSkybox":true,"showFlares":true,"showImageEffects":true,"showParticleSystems":true,"showVisualEffectGraphs":true,"m_FxEnabled":true},"in2DMode":false,"pivot":{"x":-158.3689422607422,"y":-295.5804138183594,"z":653.0364379882813},"rotation":{"x":0.20402394235134126,"y":-0.017620032653212549,"z":0.0036728158593177797,"w":0.9788018465042114},"size":422.45233154296877,"orthographic":false}