{"cameraMode":{"drawMode":0,"name":"Shaded","section":"Shading Mode"},"sceneLighting":true,"audioPlay":false,"sceneViewState":{"m_AlwaysRefresh":false,"showFog":true,"showSkybox":true,"showFlares":true,"showImageEffects":true,"showParticleSystems":true,"showVisualEffectGraphs":true,"m_FxEnabled":true},"in2DMode":false,"pivot":{"x":5.456365585327148,"y":-65.04891967773438,"z":-116.29949188232422},"rotation":{"x":-0.004741589538753033,"y":-0.9678113460540772,"z":0.25105419754981997,"w":-0.018288034945726396},"size":73.78538513183594,"orthographic":false}