{"cameraMode":{"drawMode":0,"name":"Shaded","section":"Shading Mode"},"sceneLighting":true,"audioPlay":false,"sceneViewState":{"m_AlwaysRefresh":false,"showFog":true,"showSkybox":true,"showFlares":true,"showImageEffects":true,"showParticleSystems":true,"showVisualEffectGraphs":true,"m_FxEnabled":true},"in2DMode":false,"pivot":{"x":-122.67354583740235,"y":4.711919784545898,"z":-16.903118133544923},"rotation":{"x":0.0031509920954704286,"y":-0.9963012933731079,"z":0.04186997190117836,"w":0.0751606673002243},"size":1.620784878730774,"orthographic":false}